episodes,loss,rewards,epsilon
5117,0.0133367,0.0019542700801250729,0.78424239118862649
1153,0.000267995,0.0086730268863833455,0.79652092174297939
1899,0.00460161,0.013404825737265421,0.79427454352727456
3230,0.000260727,0.0075131480090157776,0.79025475217258956
3699,0.000448652,0.021321961620469079,0.78884444947312049
4127,0.000888245,0.023364485981308407,0.78755770029516525
4442,0.00176356,0.031746031746031737,0.7866112135270894
5018,0.00129624,0.017361111111111112,0.78487822638387794
5287,0.00130621,0.037174721189591087,0.78407014306430078
5557,0.00129556,0.037037037037037035,0.78325905165295673
6442,0.000643534,0.011299435028248589,0.78059224689266904
6867,0.000417096,0.023529411764705882,0.77931453621874169
7385,0.00101785,0.019305019305019301,0.77775650521576678
7587,0.00161891,0.049504950495049493,0.77714989536639734
7916,0.00146773,0.030395136778115502,0.77616127313273087
8612,0.00135049,0.014367816091954026,0.77406598351353362
8888,0.000971854,0.036231884057971023,0.77323684291815775
9535,0.000938115,0.015455950540958266,0.77128954633521352
9929,0.000855925,0.025380710659898477,0.77010521759414163
10260,0.00153962,0.030211480362537766,0.76911057552511752
10678,0.00188696,0.023923444976076555,0.76785395363497844
11098,0.000472289,0.023809523809523815,0.76659130652931218
11419,0.00155278,0.031152647975077875,0.7656267624292018
11741,0.00218439,0.031055900621118012,0.76465920866807957
12313,0.00121246,0.017482517482517484,0.76293829074182895
12629,0.000657815,0.031645569620253174,0.76198879449389156
13255,0.000410342,0.015974440894568689,0.76010490115581864
13560,0.000775873,0.032786885245901648,0.75918850752603062
13790,0.00127787,0.043478260869565209,0.75849771626516904
14277,0.00216295,0.020533880903490766,0.75703315447841146
14680,0.00136867,0.024813895781637719,0.7558217178479214
15214,0.00125089,0.018726591760299623,0.75421543327231932
15590,0.000424353,0.026595744680851068,0.75308531296281322
16212,0.000440886,0.016077170418006426,0.75121349491417144
17439,3.30178e-06,0.0081499592502037501,0.74750974416751215
17824,0.000925322,0.025974025974025979,0.74635252086662074
18332,0.000883738,0.01968503937007874,0.74482464440569895
18767,0.00160722,0.022988505747126436,0.74351680432594858
19204,0.00160328,0.022883295194508008,0.74220293800190407
19811,0.000707833,0.016474464579901149,0.74037639796031041
20183,0.00260302,0.026881720430107524,0.73925832263883606
20878,0.000328517,0.014388489208633094,0.73716605401556046
21346,0.000655742,0.021367521367521368,0.7357587654221075
21648,0.000558765,0.033112582781456963,0.73485139914519937
21984,0.00196095,0.02976190476190476,0.73384170695928297
22456,0.00177256,0.021186440677966101,0.73242236176006448
22758,0.00129853,0.033112582781456956,0.73151499548315635
23076,0.00156767,0.031446540880503152,0.73055948018492467
23340,0.00184863,0.03787878787878788,0.72976643687176768
23634,0.00145862,0.034013605442176867,0.72888314220792105
24019,0.00183083,0.025974025974025979,0.72772591890702965
24570,0.000597704,0.01814882032667876,0.72606835640494227
25171,0.000565888,0.016638935108153077,0.72425992565291641
25523,0.00148085,0.028409090909090908,0.72320206801858178
26467,0.000568294,0.010593220338983052,0.72035663055011312
26925,0.00110464,0.021834061135371178,0.71897948135138579
27251,0.00120506,0.030674846625766861,0.71799988864427178
27450,0.00243539,0.050251256281407045,0.71740229683097512
27878,0.00140028,0.02336448598130841,0.71611554765301988
28198,0.00140865,0.03125,0.71515401318372818
28457,0.00196703,0.038610038610038609,0.71437600912302324
28788,0.000981784,0.030211480362537759,0.71338136705399913
29154,0.00201145,0.027322404371584699,0.7122813583078601
29626,0.00176985,0.021186440677966101,0.71086201310864161
29919,0.00175377,0.034129692832764499,0.70998172726062536
30462,0.000809467,0.018416206261510124,0.70834829663927901
30941,0.000503946,0.020876826722338208,0.70690785121397826
31287,0.000471504,0.028901734104046249,0.70586805652902762
31624,0.00191735,0.02967359050445104,0.70485535422912826
31978,0.00149345,0.028248587570621458,0.70379147536997599
32283,0.00187102,0.032786885245901648,0.70287508174018798
32993,0.000361909,0.014084507042253521,0.70073749498353088
33304,0.00130185,0.03215434083601286,0.69980304583301145
33780,0.000344341,0.021008403361344543,0.69837164354346881
34613,0.000175658,0.01200480192076831,0.69586218964389512
34965,0.00101104,0.028409090909090908,0.69480433200956049
35848,0.000180883,0.011325028312570779,0.69214358073179105
36159,0.000180305,0.032154340836012853,0.69120913158127162
36514,0.00123775,0.028169014084507043,0.69014224206439101
36870,0.00183414,0.028089887640449437,0.68907234185956823
37192,0.00182155,0.031055900621118012,0.688104788098446
37769,0.00104076,0.017331022530329285,0.6863687835751251
38929,0.000280887,0.0086206896551724137,0.68286845971897003
39421,0.000634092,0.020325203252032516,0.68138882422176528
39782,0.000336204,0.027700831024930737,0.68030387012400273
40069,0.000926929,0.03484320557491289,0.67944163653728817
41349,1.18333e-05,0.0078125000000000035,0.67557686823686458
41753,0.000216623,0.024752475247524757,0.67436241946745468
42189,0.00165007,0.022935779816513763,0.67305156628068874
42881,0.00094694,0.014450867052023119,0.67096836046265396
43248,0.000476122,0.027247956403269755,0.66986534069618053
43528,0.00169136,0.035714285714285712,0.66902416670813858
43827,0.00168817,0.033444816053511704,0.66812582751247485
44344,0.00229394,0.019342359767891688,0.66657081210010338
44605,0.001091,0.038314176245210725,0.66578679242888894
44808,0.00197919,0.049261083743842353,0.6651771765072535
45255,0.00111702,0.022371364653243849,0.66383317714582402
45548,0.000968928,0.034129692832764499,0.66295289129780777
45937,0.000649422,0.025706940874035994,0.66178362143696057
46298,0.00118748,0.027700831024930747,0.66069866733919802
46803,0.000950424,0.019801980198019809,0.65917983664988122
47402,0.00115304,0.016694490818030046,0.6573774420847962
47944,0.00150987,0.018450184501845015,0.65574702781205929
48545,0.000833071,0.016638935108153077,0.65393859706003343
49477,0.000209322,0.010729613733905581,0.65112950028561523
50494,0.000961038,0.0098328416912487684,0.64806289536620998
50955,0.000497703,0.02169197396963124,0.64667670466699478
51445,0.000618183,0.020408163265306128,0.64520309874485593
52225,0.000766519,0.01282051282051282,0.64285393680223657
53031,0.000828792,0.012406947890818856,0.64042615177119544
53363,0.000823729,0.030120481927710843,0.63942849973919391
53632,0.00159268,0.03717472118959108,0.63862041641961675
54043,0.0023924,0.024330900243309007,0.63738488183091402
55159,0.000109356,0.0089605734767025085,0.63401807675303956
55530,0.00146224,0.026954177897574118,0.63290301260301129
56229,0.000762555,0.014306151645207439,0.63079865981351657
56749,0.000226267,0.019230769230769232,0.6292345975383955
57165,0.00107902,0.02403846153846154,0.62798400074277516
57562,0.000304674,0.025188916876574308,0.62679063631072329
57841,0.00157777,0.03584229390681002,0.62595247071609894
58728,0.0003925,0.011273957158962797,0.62327961235114171
58958,0.000816367,0.043478260869565216,0.62258882109028013
59847,0.00162586,0.011248593925759276,0.61990990899849718
61145,1.49377e-05,0.0077041602465331279,0.61599043582564317
61854,0.00102768,0.014104372355430186,0.61385587049086721
62485,0.000533352,0.015847860538827259,0.61195688235747669
63184,0.000675236,0.014306151645207441,0.60985252956798197
63746,0.000938368,0.017793594306049824,0.60816178256000841
64391,0.000390296,0.015503875968992246,0.60622052495869072
64650,0.000867325,0.038610038610038595,0.60544252089798578
65946,0.0011855,0.007716049382716049,0.60152912653692681
67138,0.000126012,0.0083892617449664413,0.59793166077685322
67928,0.000519599,0.012658227848101266,0.59555226162328878
68226,0.00106808,0.033557046979865765,0.59465693139434583
69245,0.000200005,0.0098135426889106973,0.59158426479737114
70078,0.000569852,0.012004801920768308,0.58907481089779745
71752,6.92389e-06,0.0059737156511350071,0.58401032722465396
72253,0.000835783,0.019960079840319365,0.58250355713987656
72872,0.000535839,0.016155088852988692,0.58064079523935375
73312,0.000269488,0.022727272727272728,0.57931788932188943
73835,0.000590292,0.019120458891013381,0.57774477991119144
74264,0.000550124,0.023310023310023301,0.57645501783804476
74656,0.000549291,0.025510204081632661,0.57527671273977099
75225,0.00107116,0.017574692442882251,0.5735648464076073
75732,0.0010401,0.019723865877712039,0.57203998523419319
76391,0.00108571,0.015174506828528075,0.57005645220841594
76927,0.00108163,0.018656716417910446,0.56844413539047844
77512,0.000501197,0.017094017094017096,0.56668399073366971
79800,1.49743e-05,0.0043706293706293718,0.55974028300498435
80580,0.000313804,0.01282051282051282,0.55739112106236499
81488,0.000129802,0.011013215859030838,0.55465469247225296
82068,0.000533482,0.017241379310344824,0.55290963562650774
82459,0.00108809,0.025575447570332484,0.55173434230427831
82900,0.00149858,0.022675736961451247,0.55040842312847738
83778,0.000356359,0.011389521640091119,0.54776280502262398
84235,0.000599923,0.021881838074398249,0.54638866959683896
84706,0.00133842,0.021231422505307858,0.54497233859448768
85176,0.00139087,0.021276595744680851,0.5435590217587194
85987,0.000253815,0.012330456226880395,0.54111611454040209
86902,0.000721332,0.010928961748633878,0.53835849288142412
87405,0.00210896,0.019880715705765412,0.5368456925549846
87710,0.00123883,0.032786885245901641,0.53592929892519658
88098,0.000377889,0.025773195876288658,0.5347630407496885
88557,0.00104815,0.021786492374727667,0.5333828777477424
89596,0.00106034,0.0096246390760346516,0.53024958763773278
90038,0.000618342,0.022624434389140271,0.52892065517332909
90457,0.00118147,0.02386634844868735,0.52766102069055276
90998,0.0020344,0.018484288354898341,0.52603362273609777
91582,0.00101802,0.017123287671232876,0.52427649570220691
91963,0.00124483,0.02624671916010499,0.52313131847755867
92427,0.00140553,0.021551724137931026,0.5217360860053516
92920,0.00140581,0.020283975659229205,0.52025343567516857
93529,0.000942651,0.016420361247947459,0.5184208589607876
93987,0.000524599,0.021834061135371178,0.51704370976206027
94497,0.00183236,0.019607843137254898,0.51550980263520196
94867,0.00151777,0.027027027027027022,0.51439774962639617
96212,1.77191e-06,0.0074349442379182153,0.51033538890637986
96783,0.000333217,0.017513134851138354,0.50861748820850328
97093,0.000594059,0.032258064516129024,0.50768604838690345
97617,0.00154968,0.019083969465648856,0.50610992320371528
98438,0.00040519,0.012180267965895247,0.50363676932384804
99281,0.00150015,0.011862396204033215,0.50109706205225868
99997,0.00068484,0.013966480446927377,0.49894134612525753
100638,0.000962207,0.015600624024960996,0.49701216612251287
102092,1.33076e-05,0.0068775790921595595,0.49261816573018374
102675,0.000419285,0.017152658662092625,0.49086405628885876
103254,0.000116377,0.017271157167530225,0.48912201691427271
103887,0.000248387,0.01579778830963665,0.48721699065008678
104866,0.000993428,0.01021450459652707,0.48426553433945396
105581,0.000212014,0.013986013986013986,0.48211284001692539
106036,0.000328751,0.021978021978021983,0.48074473204619883
106826,0.000156738,0.012658227848101266,0.47836533289263539
107782,0.00062101,0.010460251046025102,0.47548355032743045
108524,0.00040617,0.013477088948787063,0.47324926200004797
108867,0.000362942,0.029154518950437313,0.47221849838196855
109390,0.00142801,0.019120458891013385,0.47064538897127139
109992,0.00062415,0.016611295681063121,0.46883394008023105
110434,0.00115547,0.022624434389140271,0.46750500761582797
110834,0.000691843,0.025000000000000005,0.46630260722064276
111373,0.00135766,0.018552875695732843,0.46468124181177217
112416,0.000174888,0.0095877277085330802,0.46153582552893396
114320,3.4928e-08,0.0052521008403361349,0.4557687761528455
114739,0.000168193,0.023866348448687354,0.45450914167006962
115190,0.000723528,0.02217294900221729,0.45315308824616896
115785,0.000424473,0.016806722689075633,0.45136276569062339
116368,0.000796649,0.017152658662092621,0.44960865624929841
116653,0.000978183,0.035087719298245626,0.44875243984163071
117211,0.000509539,0.017921146953405017,0.44707376035142155
117766,0.00115889,0.018018018018018018,0.44540413118099098
118202,0.000331761,0.022935779816513766,0.4440932779942256
118508,0.00151065,0.032679738562091505,0.44317387518644519
119241,0.000719765,0.013642564802182807,0.44096678732652617
119797,0.000852314,0.017985611510791363,0.43929414141317236
120627,0.000329792,0.012048192771084335,0.43679376293031302
121260,0.000286655,0.01579778830963665,0.4348887366661271
122254,0.000424856,0.010060362173038228,0.43189183223695987
122939,0.000967095,0.014598540145985399,0.42982977189984295
123452,0.000530409,0.019493177387914232,0.42828681854676903
124152,0.000616238,0.014285714285714285,0.42617944463966262
124834,0.000526568,0.014662756598240472,0.42412644619527368
125484,0.000521196,0.015384615384615379,0.42217009091195107
125875,0.000983782,0.02557544757033248,0.42099479758972214
126329,0.00152171,0.022026431718061672,0.41962970330111238
127233,7.20221e-05,0.011061946902654865,0.41690538436390973
127809,0.000465655,0.017361111111111115,0.41517239722069932
128322,0.00149452,0.019493177387914225,0.4136294438676254
129384,0.000152509,0.0094161958568738241,0.41042642156933001
129992,2.80222e-05,0.016447368421052634,0.40859686320652761
130970,0.000732846,0.010224948875255624,0.40564843652567401
132013,5.10595e-05,0.0095877277085330767,0.4025030202428358
132471,0.000393272,0.021834061135371178,0.40112587104410896
132839,0.00121415,0.02717391304347826,0.40001984022708059
133135,0.00149706,0.033783783783783779,0.39913052784104247
134247,4.32449e-05,0.0089928057553956831,0.39577585788778324
134806,0.00015758,0.017889087656529513,0.39409416156364074
135412,0.00076897,0.0165016501650165,0.39227063981289056
135754,0.00141402,0.029239766081871343,0.39124288649002076
136116,0.000893872,0.027624309392265199,0.390154921523021
136969,0.00121306,0.011723329425556856,0.38758495782822039
138145,0.000554414,0.0085034013605442167,0.38403606695200254
139197,0.00077317,0.0095057034220532299,0.38086336498806489
139851,0.000967513,0.015290519877675844,0.37889493101205796
141302,4.60931e-06,0.0068917987594762234,0.37451006322516034
142175,0.000566439,0.011454753722794966,0.37187957752788547
143103,0.000402005,0.01077586206896552,0.36908259333996118
143564,0.000412383,0.02169197396963124,0.36769640264074643
144930,3.71732e-05,0.0073206442166910673,0.36357017654464807
145499,0.00104219,0.017574692442882251,0.36185831021248538
146109,0.00196476,0.016393442622950817,0.36002271511615935
146516,0.000760754,0.024570024570024565,0.35879922974852674
146980,0.00115548,0.021551724137931039,0.35740399727632022
147468,0.00150959,0.020491803278688527,0.3559364208080642
149185,1.29347e-07,0.0058241118229469995,0.35074071288177533
150942,3.8323e-07,0.0056915196357427431,0.34542288432915408
152004,5.66818e-05,0.0094161958568738189,0.34221986203085869
152892,0.000216283,0.011261261261261259,0.33954397681775916
153513,0.000253535,0.016103059581320453,0.33767517751553339
155048,0.000236055,0.0065146579804560263,0.33303449162821941
155456,0.000111966,0.024509803921568624,0.331807994000689
156197,0.000871154,0.013495276653171391,0.32957672806926053
157072,0.00160353,0.01142857142857143,0.32694018950015002
158232,3.49734e-05,0.0086206896551724137,0.32343986564399596
159025,0.000856442,0.012610340479192938,0.32105139473282923
160218,0.000118956,0.0083822296730930428,0.31745089278135502
161342,1.73393e-06,0.0088967971530249119,0.31405981598154165
162058,0.00170316,0.013966480446927373,0.31190410005454111
162640,0.000276042,0.017182130584192438,0.31015300817542818
163150,0.000634663,0.019607843137254898,0.30861910104857082
163496,0.00085906,0.028901734104046242,0.3075793063636208
164630,0.000323522,0.0088183421516754863,0.30415788714963821
165347,0.000573841,0.013947001394700139,0.30199914958773172
165691,0.000361229,0.029069767441860472,0.30096537564423614
166206,0.00179953,0.019417475728155338,0.2994163913221361
167180,0.00091976,0.010266940451745379,0.29648008285445354
169087,9.25223e-05,0.0052438384897745141,0.29070385869881399
169814,0.00119851,0.013755158184319122,0.28851490311384603
170723,0.000496231,0.011001100110011004,0.28577544703412916
173112,2.41695e-08,0.0041858518208455426,0.2785214855455368
174019,0.000258398,0.011025358324145538,0.27578808441447916
175242,0.000204174,0.0081766148814390836,0.27209648242940848
175706,0.000489111,0.021551724137931039,0.27070124995720196
176291,0.000978428,0.017094017094017096,0.2689411053003945
177575,3.74639e-05,0.0077881619937694704,0.26506418122369785
178088,0.000932272,0.019493177387914229,0.26352122787062393
178763,0.00114214,0.014814814814814812,0.26148937277816969
179174,0.00105985,0.024330900243309004,0.26025383818946751
180123,0.000739844,0.010537407797681768,0.25739325746580255
181026,0.000332533,0.011074197120708746,0.25467196586545165
181671,0.000659889,0.015503875968992248,0.25273070826413474
182420,0.000391805,0.013351134846461951,0.2504752623124426
183610,3.95512e-05,0.008403361344537813,0.24688386884298896
185058,2.279e-07,0.0069060773480662963,0.24250813338351587
185957,0.000245297,0.011123470522803113,0.23979895082508856
186330,0.000917107,0.026809651474530835,0.23867786430194438
187434,0.000288377,0.0090579710144927557,0.23534746312539898
188041,0.000713012,0.016474464579901153,0.2335209230838057
188750,0.000637822,0.014104372355430181,0.23138635774902985
190652,6.33908e-09,0.0052576235541535246,0.22562542473676278
191449,0.000715052,0.012547051442910916,0.22322485772205156
192905,3.76134e-07,0.006868131868131868,0.21882476877164458
193237,0.000414841,0.03012048192771085,0.21782711673964339
194105,0.000588097,0.011520737327188941,0.21521176268768555
194988,0.000584313,0.011325028312570781,0.21255101140991636
196018,0.000787222,0.0097087378640776656,0.20944500339680741
196617,0.000143327,0.016694490818030046,0.20764260883172289
197303,0.000172764,0.014577259475218651,0.20557752780286714
198517,1.51561e-05,0.008237232289950578,0.20191325873271759
199468,0.000541887,0.010515247108307047,0.19904662049293631
200038,0.000372379,0.017543859649122799,0.1973317369930889
200574,0.000789207,0.018656716417910446,0.19571942017515181
200934,0.00272591,0.027777777777777773,0.19463747691641037
201721,0.000962236,0.012706480304955529,0.1922671492461355
202827,0.000362276,0.0090415913200723348,0.18893068105946309
203611,0.00014576,0.012755102040816327,0.18656942459817941
204317,0.000966768,0.014164305949008499,0.18444392334647144
205256,0.00144999,0.010649627263045792,0.18161362836884493
205584,0.000231425,0.030487804878048776,0.18062801600756023
205997,0.0023472,0.024213075060532687,0.17938645662683836
207748,1.34174e-08,0.0057110222729868636,0.17408694933757493
208109,0.000175788,0.027700831024930754,0.17300199523981302
208874,0.000343923,0.013071895424836602,0.17069818340007376
209935,0.000633954,0.0094250706880301596,0.16749819327311521
212051,4.08229e-06,0.0047258979206049141,0.16108210113464866
213196,0.000240787,0.0087336244541484729,0.15762730172014733
213912,0.000336808,0.013966480446927372,0.15547158579314632
215105,2.10006e-06,0.0083822296730930428,0.15187108384167111
215671,0.000913699,0.017667844522968199,0.15016826883049847
216516,0.000536353,0.011834319526627219,0.14762251051838254
217004,0.00100893,0.020491803278688527,0.14615493405012622
217792,0.00149,0.012690355329949238,0.14378158258256674
218163,0.000437854,0.026954177897574125,0.14266651843253883
218806,0.00125109,0.015552099533437015,0.14073129969128603
219667,0.00103032,0.011614401858304296,0.13813712866064087
220684,0.000458154,0.0098328416912487702,0.13507052374123626
221319,0.000460711,0.015748031496062995,0.13315945922472119
222807,0.000780205,0.0067204301075268827,0.1286619365360121
223631,0.000701343,0.012135922330097085,0.12617970806298914
224215,0.000886859,0.017123287671232872,0.12442258102909919
226903,1.48405e-07,0.003720238095238095,0.11624826011475686
229950,9.36934e-08,0.0032819166393173618,0.10696514895817864
230994,0.000344555,0.0095785440613026813,0.10381670105554544
231839,0.000306116,0.011834319526627219,0.10127094274342981
232504,0.0013505,0.015037593984962403,0.099269289854754833
233450,0.00062454,0.010570824524312896,0.096417795175934864
234325,0.000872868,0.011428571428571427,0.093781256606824334
235407,0.000139613,0.0092421441774491655,0.090517584445037186
236015,0.000522103,0.016447368421052627,0.088688026082234611
238992,0.000165482,0.0033590863285186431,0.079621435450372174
240124,0.000167191,0.008833922261484101,0.076206084964737603
242125,4.59141e-05,0.0049975012493753126,0.070142242157133883
242916,0.000295003,0.01264222503160556,0.067759819114849476
243495,0.00102414,0.017271157167530225,0.066017779740263349
244177,0.00030812,0.014662756598240465,0.063964781295874351
244564,0.000740858,0.025839793281653745,0.062801534775472012
245521,0.000229533,0.010449320794148381,0.059916723253439434
246432,0.000310127,0.010976948408342482,0.057171212102852552
248569,4.53998e-08,0.0046794571829667751,0.050690751490387591
250086,1.03927e-06,0.0065919578114700091,0.046104902134509865
250826,0.000910297,0.013513513513513511,0.043876658568585837
252047,5.10173e-05,0.0081900081900081918,0.040191130779822462
253007,0.00112429,0.010416666666666668,0.037297232203812113
253614,0.00086788,0.016474464579901149,0.035470692162219104
254279,0.00034819,0.015037593984962409,0.033469039273543964
254782,0.000672117,0.019880715705765412,0.031956238947104906
255432,0.000856097,0.015384615384615382,0.029999883663781982
257907,1.20806e-07,0.0040404040404040404,0.022481492552204371
260141,2.32505e-07,0.0044762757385854966,0.015703531531985001
261790,1.43338e-07,0.0060642813826561545,0.010715314650657417
262433,0.000372885,0.015552099533437017,0.0087800959094048552
263487,0.000437936,0.0094876660341556007,0.0056013301237427373
264329,0.000628566,0.011876484560570076,0.0030646483266492286
265441,0.000221699,0.0089928057553956813,0.77011193496614483
266148,0.0007232,0.014144271570014147,0.76798341238384282
267476,0.000407403,0.0075301204819277108,0.76397274225018597
268803,4.24897e-06,0.0075357950263752835,0.75996511246191234
269580,0.000153531,0.012870012870012869,0.75762502108832053
269930,0.000632339,0.028571428571428577,0.75657318455795552
270291,0.0010384,0.027700831024930747,0.75548823046019298
270777,0.00168435,0.020576131687242798,0.75402668332464029
271059,0.000917421,0.035460992907801414,0.7531794924592573
271383,0.00176227,0.030864197530864192,0.75220591928552927
272952,0.000250676,0.0063734862970044603,0.74746162592728993
273304,0.000882674,0.028409090909090908,0.74640376829295529
273933,0.000981649,0.015898251192368842,0.74451081816883324
275364,4.69661e-07,0.0069881201956673656,0.74018682731435148
275677,0.000331925,0.031948881789137372,0.7392463594154306
275995,0.00065354,0.031446540880503152,0.73829084411719892
276522,0.000809523,0.018975332068311188,0.73670567143463839
277131,0.000768218,0.016420361247947452,0.73487309472025741
277557,0.00150193,0.023474178403755864,0.73359237124191123
277971,0.000885184,0.024154589371980676,0.73234779941980632
278280,0.000714033,0.032362459546925564,0.73141936889693959
278676,0.000457293,0.025252525252525252,0.73022901639211957
279337,0.000161299,0.015128593040847202,0.72823944353364556
279686,0.00017935,0.028653295128939833,0.72719061750994884
279838,0.0010378,0.06578947368421055,0.72673427288182968
281362,8.76121e-05,0.0065616797900262458,0.72212709939921649
281863,0.000382292,0.019960079840319354,0.72062032931443909
282816,0.000848579,0.010493179433368312,0.71774763343622749
283158,0.00095349,0.029239766081871343,0.71671988011335719
283575,0.00182687,0.023980815347721826,0.71546627078560321
283988,0.00108117,0.024213075060532687,0.7142247114048812
284365,0.000880025,0.026525198938992037,0.71309157977280224
284861,0.000842322,0.020161290322580641,0.71159988476189584
285430,0.000532037,0.017574692442882248,0.70988801842973215
286083,0.0023456,0.01531393568147014,0.70792260417248798
286722,0.0007544,0.015649452269170579,0.70599946278669823
287238,0.00115128,0.01937984496124031,0.70444746293461791
287623,0.00169366,0.025974025974025969,0.7032902396337265
288270,0.000482571,0.015455950540958266,0.70134294305078226
289026,0.00105226,0.013227513227513227,0.69906633798252382
289741,0.000728373,0.013986013986013984,0.69691364365999464
290506,0.000619742,0.013071895424836602,0.6946098318202546
290979,0.000785829,0.0211416490486258,0.6931874723938839
291417,0.000253704,0.022831050228310501,0.69187059290229724
291779,0.00205857,0.027624309392265192,0.69078262793529677
292272,0.000820146,0.020283975659229212,0.68929997760511375
292696,0.000979822,0.02358490566037735,0.68802527970534888
293277,0.00118441,0.017211703958691916,0.68627720535809489
293709,0.000725017,0.023148148148148147,0.68497840441781899
294164,0.000915998,0.02197802197802198,0.68361029644709193
295122,0.00470342,0.010438413361169104,0.68072245593764902
295611,0.000745246,0.020449897750511249,0.67925186475759902
296338,0.000547892,0.013755158184319122,0.67706290917263035
296917,0.000172663,0.017271157167530225,0.67532086979804318
297418,0.000488066,0.019960079840319358,0.67381409971326578
298038,0.000679358,0.016129032258064516,0.67194831912707875
298466,0.001438,0.02336448598130841,0.67066156994912351
298942,0.000487892,0.021008403361344533,0.66923016765958088
299941,0.000877735,0.010010010010010012,0.66621811232741546
300326,0.000374427,0.025974025974025969,0.66506088902652405
300894,0.0013936,0.017605633802816899,0.66335203983170044
301344,0.000909788,0.022222222222222227,0.66199899996882394
301647,0.00089924,0.033003300330033,0.66108862460447171
302049,0.00162781,0.024875621890547265,0.65988020008265857
302378,0.00247813,0.030395136778115506,0.6588915778489921
303781,1.12134e-06,0.0071275837491090533,0.6546527939516219
304278,0.000372235,0.020120724346076462,0.65315808398654285
304800,0.00166328,0.019157088122605366,0.65158799031801895
305360,0.000512049,0.017857142857142863,0.64990327712960416
305653,0.000907553,0.034129692832764506,0.64902299128158791
306219,0.00185001,0.017667844522968205,0.64732017627041483
306691,0.00138345,0.021186440677966104,0.64590083107119634
307097,0.00190501,0.024630541871921183,0.64468035793321543
307922,0.000762621,0.012121212121212123,0.64219510453480666
308364,0.00111139,0.022624434389140264,0.64086617207040297
308824,0.000895494,0.021739130434782601,0.6394829952349611
309380,0.00103958,0.017985611510791366,0.6378103493216063
309856,0.00104113,0.021008403361344533,0.63637894703206366
310028,0.00160202,0.058139534883720922,0.6358625053469974
311117,0.000382736,0.0091827364554637261,0.63257760283591125
311976,0.000724314,0.011641443538998838,0.62998948382235287
312523,0.000151665,0.018281535648994512,0.62834398750328091
312904,0.000827523,0.026246719160104997,0.62719881027863267
313637,0.000482164,0.013642564802182811,0.6249917224187127
314096,0.00036683,0.021786492374727667,0.6236115594167666
314646,0.00121096,0.018181818181818184,0.62195701350593113
315447,0.000160123,0.012484394506866416,0.61954434989993623
315828,0.00112787,0.02624671916010499,0.61839917267528799
316347,0.00192013,0.019267822736030827,0.61683812605139676
316950,0.00113684,0.01658374792703151,0.61502365899097577
317234,0.000478658,0.035211267605633798,0.61417045112757329
318202,0.000103077,0.010330578512396696,0.61125231906187616
318930,0.000496453,0.013736263736263741,0.60906034150718757
319581,0.000403826,0.015360983102918583,0.60710096659628499
320028,0.000470693,0.022371364653243849,0.6057569672348555
320531,0.00140121,0.019880715705765405,0.60424416690841598
321666,0.000128234,0.0088105726872246704,0.60081971328422024
322093,0.000762954,0.023419203747072594,0.59953597697119831
322458,0.000622606,0.027397260273972601,0.59843897921517319
323513,0.000105157,0.0094786729857819912,0.59525718147268558
324014,0.000357712,0.019960079840319361,0.59375041138790818
324569,0.000784884,0.018018018018018021,0.59208078221747662
325069,0.000173069,0.019999999999999997,0.59057702720807614
325415,0.00159647,0.028901734104046232,0.58953723252312551
325838,0.00170517,0.023640661938534278,0.58826554736726733
326124,0.00133588,0.034965034965034968,0.58740632238516199
326541,0.00107226,0.023980815347721823,0.58615271305740801
326896,0.00135929,0.028169014084507046,0.58508582354052741
327406,0.00131524,0.019607843137254905,0.5835519164136691
328169,0.00146324,0.013106159895150718,0.58125415073637954
328803,0.000649508,0.015772870662460567,0.57934610536122044
329287,0.00038929,0.020661157024793392,0.57789058743719779
329833,0.00178701,0.018315018315018316,0.57624810758805167
330386,0.00102498,0.018083182640144666,0.57458451181246073
330939,0.0010126,0.018083182640144663,0.57292091603686979
331479,0.000391872,0.018518518518518517,0.57129653437036976
331849,0.000180984,0.027027027027027029,0.57018448136156397
332262,0.0012053,0.024213075060532691,0.56894292198084195
333255,0.000683087,0.010070493454179258,0.56594904764045506
333826,0.000151024,0.017513134851138347,0.56423114694257848
334657,0.000532481,0.012033694344163659,0.56172774335131859
334952,0.000878847,0.033898305084745756,0.56084143984146473
335317,0.000966037,0.027397260273972601,0.55974444208543961
335948,0.000713347,0.015847860538827255,0.5578454539520491
336506,0.000375201,0.017921146953405021,0.55616677446183893
336951,0.00130003,0.022471910112359546,0.5548288019500246
337671,0.00105314,0.013888888888888888,0.55266099930078982
337967,0.000470519,0.033783783783783786,0.5517716869147512
338374,0.000393347,0.024570024570024569,0.55054820154711792
338889,0.000549068,0.019417475728155331,0.54899921722501699
339282,0.000674102,0.025445292620865135,0.54781790032046263
339839,0.00137959,0.017953321364452424,0.5461422376338485
340472,0.000358184,0.01579778830963665,0.54423721136966186
341017,0.0003025,0.018348623853211007,0.54259774796011151
341445,0.000532969,0.023364485981308407,0.54131099878215627
341867,0.000543107,0.023696682464454982,0.54004232633994975
342263,0.00140492,0.025252525252525252,0.53885197383512973
342574,0.00214926,0.03215434083601286,0.53791752468461029
343057,0.00140581,0.020703933747412008,0.536465021320914
343432,0.00134302,0.026666666666666672,0.53533791230375416
343959,0.00177272,0.018975332068311198,0.53375273962119363
344637,6.6577e-05,0.014749262536873156,0.53171182327466038
345046,0.000843588,0.024449877750611242,0.53048231335698559
345460,0.00221364,0.02415458937198068,0.52923774153488068
345909,0.000789047,0.022271714922048994,0.52788771520275724
346149,0.00230032,0.041666666666666671,0.52716685342651237
346645,0.00091025,0.020161290322580645,0.52567515841560597
347147,0.000557767,0.019920318725099598,0.52416537322514911
347724,0.0006671,0.017331022530329285,0.52242936870182821
348322,0.00125558,0.016722408026755849,0.52062999218466977
348680,0.0015858,0.027932960893854747,0.51955407051331859
348891,0.00314491,0.047393364928909942,0.51892040492911728
349402,0.00160647,0.019569471624266144,0.51738348242382903
349729,0.0015313,0.030581039755351688,0.51640087990472794
350192,0.000889719,0.021598272138228937,0.51500866138713075
350650,0.00156582,0.021834061135371174,0.51363151218840342
351091,0.00109824,0.02267573696145125,0.51230559301260248
352136,5.44029e-05,0.0095693779904306199,0.5091541134595382
352559,0.0001262,0.023640661938534278,0.50788242830368002
353319,0.000647328,0.013157894736842103,0.50559373164159682
353700,0.000507983,0.026246719160104987,0.50444855441694858
354097,0.000817576,0.025188916876574298,0.50325518998489671
354471,0.000986952,0.026737967914438502,0.50213109222985719
355154,0.00043681,0.014641288433382133,0.50007507318497213
355597,0.000332318,0.022573363431151246,0.49874312740169968
356328,0.000819652,0.013679890560875516,0.49654208375520198
356738,0.000687008,0.024390243902439025,0.4953095615171374
357228,0.0014509,0.020408163265306117,0.49383595559499904
357670,0.000844335,0.022624434389140274,0.49250702313059597
358409,0.000354071,0.013531799729364004,0.49028180189972831
359492,0.000238599,0.0092336103416435812,0.48701509692288292
360601,0.000264,0.0090171325518485102,0.48366952799096119
361388,0.00010043,0.012706480304955529,0.48129920032068668
361919,0.000923852,0.018832391713747645,0.47970196388117003
362952,6.63411e-05,0.0096805421103581795,0.47658686211143048
363223,0.000819367,0.036900369003690037,0.47577276257815787
363691,0.00074334,0.021367521367521364,0.47436547398470541
364151,0.00151567,0.021739130434782612,0.47298229714926404
364533,0.00121775,0.026178010471204178,0.47183410845090129
365223,0.00140277,0.014492753623188406,0.46975694435093052
365516,0.000605026,0.034129692832764513,0.46887665850291477
365920,0.00180999,0.024752475247524747,0.46766220973350558
366270,0.00167069,0.028571428571428571,0.46661037320314119
367246,0.00041512,0.01024590163934426,0.46366800569006106
367602,0.000446513,0.028089887640449444,0.46259810548523894
367952,0.00125697,0.028571428571428571,0.46154626895487455
368236,0.00266994,0.035211267605633804,0.46069306109147257
368667,0.000673311,0.023201856148491875,0.45939727313716677
369240,0.00158467,0.017452006980802789,0.45767333795219728
370395,1.69421e-05,0.008658008658008658,0.454188189677524
371120,0.000473758,0.013793103448275862,0.4520052779406743
371499,0.000321845,0.026385224274406333,0.4508661235727679
371925,0.000292362,0.023474178403755867,0.44958540009442227
372532,0.00099088,0.016474464579901156,0.44775886005282961
373644,4.58079e-05,0.0089928057553956813,0.44440419009957038
373943,0.000488746,0.033444816053511704,0.44350585090390704
374408,0.00110999,0.021505376344086016,0.44210760444681063
374740,0.00173255,0.030120481927710843,0.44110995241480949
376499,2.62056e-06,0.0056850483229107449,0.43578601652575016
376991,0.000473923,0.020325203252032516,0.43430638102854596
377426,0.000717819,0.02298850574712644,0.43299854094879608
377952,0.000563833,0.019011406844106467,0.4314163841296782
378486,0.00098757,0.018726591760299626,0.42981009955407695
379576,1.28156e-05,0.0091743119266055034,0.42652216401329868
380551,0.000609363,0.010256410256410256,0.42358282603821401
380829,0.000355238,0.035971223021582725,0.42274766880684017
381205,0.00144428,0.026595744680851064,0.42161754849733452
381490,0.00167931,0.035087719298245626,0.42076133208966682
382411,0.000759119,0.010857763300760045,0.4179855437514019
383370,0.00035704,0.010427528675703858,0.41509467422396784
384457,6.54721e-05,0.0091996320147194107,0.41181583768027846
386211,2.49247e-05,0.0057012542759407071,0.40650716989919833
386781,0.000313388,0.017543859649122803,0.4047922863993515
387794,0.000429904,0.009871668311944715,0.40173780446765955
388453,0.00013243,0.015174506828528068,0.39975427144188308
389087,0.000738951,0.01577287066246057,0.39784622606672471
389991,0.000624373,0.011061946902654862,0.39512190712952205
391057,0.00101103,0.0093808630393996239,0.39190675583939705
392018,0.000429911,0.01040582726326743,0.38900982818422719
393577,5.7778e-05,0.0064143681847338022,0.38429601132609359
396023,8.30935e-06,0.0040883074407195409,0.37686681439192116
397125,0.000808659,0.0090744101633393852,0.37354248010281105
398392,1.75817e-05,0.0078926598263614842,0.36971721467400059
399099,0.000523129,0.014144271570014142,0.36758869209169909
399670,0.00213997,0.01751313485113835,0.3658707913938235
400694,0.000119383,0.0097656249999999983,0.36278297006705601
401163,0.000941579,0.021321961620469079,0.36137266736758739
401713,0.00157519,0.018181818181818184,0.3597181214567528
402678,0.000467248,0.010362694300518133,0.35680907717908994
403861,0.000203869,0.0084530853761623,0.35323893575895066
404520,0.000764923,0.01517450682852807,0.35125540273317418
406049,4.39051e-07,0.006540222367560496,0.34663299680341558
407278,0.000479691,0.0081366965012205066,0.34292317149146861
408053,0.000934213,0.012903225806451611,0.34058912701153837
408577,0.00114685,0.019083969465648849,0.33901300182835109
409424,0.000620471,0.011806375442739081,0.33646119235365562
410784,0.000826369,0.0073529411764705855,0.33235321489525121
413031,5.46934e-08,0.004450378282153983,0.32553536025795282
413650,0.000332262,0.016155088852988688,0.32367259835743079
414439,0.000425516,0.012674271229404305,0.32129622306210887
415545,2.54432e-05,0.0090415913200723331,0.31795975487543765
416263,0.000328793,0.013927576601671314,0.31579799564819067
416872,0.000517886,0.016420361247947452,0.31396541893381069
417747,7.06404e-05,0.011428571428571425,0.31132888036470019
418640,0.000321925,0.011198208286674132,0.30863786045277813
419416,0.000393709,0.012886597938144327,0.30630079254125303
420643,3.12861e-06,0.0081499592502037484,0.30259704179459518
422412,0.00104055,0.0056529112492933855,0.29724256735822846
423737,0.000121641,0.0075471698113207522,0.29324101816828724
424704,5.22764e-05,0.010341261633919335,0.29032591539585723
425290,0.000440894,0.01706484641638225,0.28856275308577811
426241,0.000762406,0.010515247108307047,0.2856961148459975
427291,0.000339308,0.0095238095238095195,0.28252947658121963
428646,0.00014527,0.0073800738007380098,0.27843670547299015
429499,0.000104694,0.01172332942555686,0.27586674177818954
430062,0.000732202,0.01776198934280639,0.27417297781492828
430854,0.000718617,0.012626262626262631,0.27178753085344304
431613,0.000386643,0.013175230566534914,0.26950185713550712
432485,0.000535436,0.011467889908256881,0.26687439782835409
433538,0.000424051,0.0094966761633428296,0.26369866396887537
434763,0.000500402,0.0081632653061224497,0.26000098766450797
435567,0.00110446,0.012437810945273632,0.2575792512949498
436979,2.21024e-06,0.0070821529745042477,0.25331308208623138
437875,0.000680951,0.011160714285714286,0.25061298098850765
438667,0.000419406,0.012626262626262619,0.24822753402702219
439628,0.0007935,0.010405827263267432,0.24533060637185161
440361,0.0005304,0.013642564802182813,0.24312351851193206
441041,0.00112236,0.014705882352941176,0.24107656117729467
441625,0.00094322,0.017123287671232872,0.23931943414340448
442412,0.00139125,0.012706480304955529,0.23694910647312961
443531,1.67788e-05,0.0089365504915102749,0.23357319972964968
444483,0.000926856,0.01050420168067227,0.23070353268594307
445918,4.08462e-05,0.0069686411149825758,0.22636736743320521
446879,0.000908826,0.01040582726326743,0.22347043977803463
447254,0.000611721,0.026666666666666661,0.22234333076087515
447934,0.00115301,0.014705882352941176,0.22029637342623776
448444,0.000273041,0.019607843137254898,0.21876246629937995
448803,0.000701825,0.027855153203342618,0.21768353384944211
450241,3.49511e-06,0.006954102920723227,0.21333823747377845
452076,1.57127e-07,0.0054495912806539499,0.2077821306219956
452885,4.03648e-05,0.012360939431396784,0.20534527237006212
454592,1.58546e-05,0.0058582308142940843,0.20018008683451569
455193,0.000215326,0.016638935108153074,0.1983716560824903
456075,0.000942783,0.011337868480725622,0.19571393150017502
456847,0.00039949,0.012953367875647668,0.19338895713221047
457366,0.000333306,0.019267822736030824,0.19182791050831971
458412,0.000432328,0.0095602294455066905,0.18867339927418844
459141,0.00040272,0.013717421124828535,0.18647839971933894
459708,0.000968468,0.017636684303350969,0.18477256763151242
460565,0.000548847,0.01166861143523921,0.18219050051295407
461874,0.000186148,0.0076394194041252868,0.17823759167332862
462848,0.000580226,0.010266940451745378,0.17530128320564539
464003,5.25817e-05,0.0086580086580086597,0.17181613493097106
465122,9.24083e-06,0.0089365504915102732,0.16844022818749113
466338,0.000192805,0.0082236842105263153,0.16476988535145473
466785,0.000874331,0.022371364653243849,0.1634258859900255
467460,0.000175263,0.014814814814814812,0.16139403089757071
467812,0.00109658,0.028409090909090915,0.16033617326323674
468587,0.000852494,0.012903225806451615,0.15800212878330608
469456,0.0012963,0.011507479861910244,0.15538374846334194
469849,0.000320997,0.025445292620865145,0.15420243155878779
470605,0.000397994,0.013227513227513227,0.15192582649053005
471738,1.49375e-05,0.0088261253309796991,0.14850744165606633
472658,0.000793486,0.010869565217391302,0.14573468117407856
473464,0.000225815,0.012406947890818859,0.14330689614303829
473928,0.00138234,0.021551724137931036,0.14191166367083152
475466,9.68948e-08,0.0065019505851755515,0.13726183738702613
476323,0.00072512,0.011668611435239206,0.13467977026846778
476800,0.000265358,0.020964360587002098,0.13324535363062742
477470,0.000153262,0.014925373134328358,0.13122860002013448
478433,0.00100167,0.01038421599169263,0.12832561411488927
479546,7.6352e-05,0.0089847259658580418,0.12496791042649416
480229,0.000137989,0.014641288433382143,0.12291189138160978
